Date,Time,TxBat(V),RSSI(dB),RX,SWR,VFR(%),RxBatt(V),LiPo1(V),LiPo2(V),LiPo3(V),LiPo4(V),LiPo5(V),LiPo6(V),LiPo7(V),LiPo8(V),LiPo1(V),LiPo2(V),LiPo3(V),LiPo4(V),LiPo5(V),LiPo6(V),LiPo7(V),LiPo8(V),Altitude(m),VSpeed(m/s),RPM(r/m),Current(A),GPS,GPS clock(),GPS speed(knots),GPS alt(m),GPS course(°),ADC2(V),Air speed(knots),VFAS(V),RB Ch. State(),RB State(),R.angle(°),P.angle(°),GASS temp1(°C),GASS temp2(°C),GASS RPM(r/m),GASS res. vol.(ml),GASS res. %(%),GASS flow(ml/min),GASS max flow(ml/min),GASS avg flow(ml/min),H.pressure(Pa),ESC RPM(r/m),ESC consumption(mAh),RxBatt1(V),RxBatt2(V),RxCurrent(A),Rx Quality(%),Rx RSSI1(dB),Rx RSSI2(dB),Antenna,Rx SNR(dB),RF Mode,Tx Power,Tx Quality(%),Tx RSSI(dB),Tx SNR(dB),Rudder,Elevator,Throttle,Aileron,S1,S2,S3,Slider left,Slider right,SA,SB,SC,SD,SE,SF,SG,SH,SI,SJ,
2025-10-22,12:27:24.460,7.50,,,,,,3.20,3.20,,,,,,,,,,,,,,,,0.50,,,,,,,,,,,,,,,,,,,,,,,,,,,,,,,,,,,,,,,0,0,0,0,0,0,0,0,0,-1,-1,-1,-1,-1,-1,-1,-1,-1,-1,
2025-10-22,12:27:24.720,7.50,,,,,,3.20,3.20,,,,,,,,,,,,,,,0.00,0.50,,,,,,,,,,,,,,,,,,,,,,,,,,,,,,,,,,,,,,,0,0,0,0,0,0,0,0,0,-1,-1,-1,-1,-1,-1,-1,-1,-1,-1,
2025-10-22,12:27:24.990,7.50,,,,,,3.20,3.20,,,,,,,,,,,,,,,0.00,0.50,,,,,,,,,,,,,,,,,,,,,,,,,,,,,,,,,,,,,,,0,0,0,0,0,0,0,0,0,-1,-1,-1,-1,-1,-1,-1,-1,-1,-1,
2025-10-22,12:27:25.250,7.50,,,,,,3.20,3.20,,,,,,,,,,,,,,,0.00,0.50,,,,,,,,,,,,,,,,,,,,,,,,,,,,,,,,,,,,,,,0,0,0,0,0,0,0,0,0,-1,-1,-1,-1,-1,-1,-1,-1,-1,-1,
2025-10-22,12:27:25.520,7.50,,,,,,3.20,3.20,,,,,,,,,,,,,,,0.00,0.50,,,,,,,,,,,,,,,,,,,,,,,,,,,,,,,,,,,,,,,0,0,0,0,0,0,0,0,0,-1,-1,-1,-1,-1,-1,-1,-1,-1,-1,
2025-10-22,12:27:25.780,7.50,,,,,,3.20,3.20,,,,,,,,,,,,,,,0.00,0.50,,,,,,,,,,,,,,,,,,,,,,,,,,,,,,,,,,,,,,,0,0,0,0,0,0,0,0,0,-1,-1,-1,-1,-1,-1,-1,-1,-1,-1,
2025-10-22,12:27:26.050,7.50,,,,,,3.20,3.20,,,,,,,,,,,,,,,0.00,0.50,,,,,,,,,,,,,,,,,,,,,,,,,,,,,,,,,,,,,,,0,0,0,0,0,0,0,0,0,-1,-1,-1,-1,-1,-1,-1,-1,-1,-1,
2025-10-22,12:27:26.310,7.50,,,,,,3.20,3.20,,,,,,,,,,,,,,,0.00,0.50,,,,,,,,,,,,,,,,,,,,,,,,,,,,,,,,,,,,,,,0,0,0,0,0,0,0,0,0,-1,-1,-1,-1,-1,-1,-1,-1,-1,-1,
2025-10-22,12:27:26.570,7.50,,,,,,3.20,3.20,,,,,,,,,,,,,,,0.00,0.50,,,,,,,,,,,,,,,,,,,,,,,,,,,,,,,,,,,,,,,0,0,0,0,0,0,0,0,0,-1,-1,-1,-1,-1,-1,-1,-1,-1,-1,
2025-10-22,12:27:26.830,7.50,,,,,,3.20,3.20,,,,,,,,,,,,,,,0.00,0.50,,,,,,,,,,,,,,,,,,,,,,,,,,,,,,,,,,,,,,,0,0,0,0,0,0,0,0,0,-1,-1,-1,-1,-1,-1,-1,-1,-1,-1,
2025-10-22,12:27:27.090,7.50,,,,,,3.20,3.20,,,,,,,,,,,,,,,0.00,0.50,,,,,,,,,,,,,,,,,,,,,,,,,,,,,,,,,,,,,,,0,0,0,0,0,0,0,0,0,-1,-1,-1,-1,-1,-1,-1,-1,-1,-1,
2025-10-22,12:27:27.350,7.50,,,,,,3.20,3.20,,,,,,,,,,,,,,,0.00,0.50,,,,,,,,,,,,,,,,,,,,,,,,,,,,,,,,,,,,,,,0,0,0,0,0,0,0,0,0,-1,-1,-1,-1,-1,-1,-1,-1,-1,-1,
2025-10-22,12:27:27.610,7.50,,,,,,3.20,3.20,,,,,,,,,,,,,,,0.00,0.50,,,,,,,,,,,,,,,,,,,,,,,,,,,,,,,,,,,,,,,0,0,0,0,0,0,0,0,0,-1,-1,-1,-1,-1,-1,-1,-1,-1,-1,
2025-10-22,12:27:27.870,7.50,,,,,,3.20,3.20,,,,,,,,,,,,,,,0.00,0.50,,,,,,,,,,,,,,,,,,,,,,,,,,,,,,,,,,,,,,,0,0,0,0,0,0,0,0,0,-1,-1,-1,-1,-1,-1,-1,-1,-1,-1,
2025-10-22,12:27:28.130,7.50,,,,,,3.20,3.20,,,,,,,,,,,,,,,0.00,0.50,,,,,,,,,,,,,,,,,,,,,,,,,,,,,,,,,,,,,,,0,0,0,0,0,0,0,0,0,-1,-1,-1,-1,-1,-1,-1,-1,-1,-1,
2025-10-22,12:27:28.390,7.50,,,,,,3.20,3.20,,,,,,,,,,,,,,,0.00,0.50,,,,,,,,,,,,,,,,,,,,,,,,,,,,,,,,,,,,,,,0,0,0,0,0,0,0,0,0,-1,-1,-1,-1,-1,-1,-1,-1,-1,-1,
2025-10-22,12:27:28.650,7.50,,,,,,3.20,3.20,,,,,,,,,,,,,,,0.00,0.50,,,,,,,,,,,,,,,,,,,,,,,,,,,,,,,,,,,,,,,0,0,0,0,0,0,0,0,0,-1,-1,-1,-1,-1,-1,-1,-1,-1,-1,
2025-10-22,12:27:28.910,7.50,,,,,,3.20,3.20,,,,,,,,,,,,,,,0.00,0.50,,,,,,,,,,,,,,,,,,,,,,,,,,,,,,,,,,,,,,,0,0,0,0,0,0,0,0,0,-1,-1,-1,-1,-1,-1,-1,-1,-1,-1,
2025-10-22,12:27:29.170,7.50,,,,,,3.20,3.20,,,,,,,,,,,,,,,0.00,0.50,,,,,,,,,,,,,,,,,,,,,,,,,,,,,,,,,,,,,,,0,0,0,0,0,0,0,0,0,-1,-1,-1,-1,-1,-1,-1,-1,-1,-1,
2025-10-22,12:27:29.430,7.50,,,,,,3.20,3.20,,,,,,,,,,,,,,,0.00,0.50,,,,,,,,,,,,,,,,,,,,,,,,,,,,,,,,,,,,,,,0,0,0,0,0,0,0,0,0,-1,-1,-1,-1,-1,-1,-1,-1,-1,-1,
2025-10-22,12:27:29.690,7.50,,,,,,3.20,3.20,,,,,,,,,,,,,,,0.00,0.50,,,,,,,,,,,,,,,,,,,,,,,,,,,,,,,,,,,,,,,0,0,0,0,0,0,0,0,0,-1,-1,-1,-1,-1,-1,-1,-1,-1,-1,
2025-10-22,12:27:29.950,7.50,,,,,,3.20,3.20,,,,,,,,,,,,,,,0.00,0.50,,,,,,,,,,,,,,,,,,,,,,,,,,,,,,,,,,,,,,,0,0,0,0,0,0,0,0,0,-1,-1,-1,-1,-1,-1,-1,-1,-1,-1,
2025-10-22,12:27:30.210,7.50,,,,,,3.20,3.20,,,,,,,,,,,,,,,0.00,0.50,,,,,,,,,,,,,,,,,,,,,,,,,,,,,,,,,,,,,,,0,0,0,0,0,0,0,0,0,-1,-1,-1,-1,-1,-1,-1,-1,-1,-1,
2025-10-22,12:27:30.480,7.50,,,,,,3.20,3.20,,,,,,,,,,,,,,,0.00,0.50,,,,,,,,,,,,,,,,,,,,,,,,,,,,,,,,,,,,,,,0,0,0,0,0,0,0,0,0,-1,-1,-1,-1,-1,-1,-1,-1,-1,-1,
2025-10-22,12:27:30.740,7.50,,,,,,3.20,3.20,,,,,,,,,,,,,,,0.00,0.50,,,,,,,,,,,,,,,,,,,,,,,,,,,,,,,,,,,,,,,0,0,0,0,0,0,0,0,0,-1,-1,-1,-1,-1,-1,-1,-1,-1,-1,
2025-10-22,12:27:31.010,7.50,,,,,,3.20,3.20,,,,,,,,,,,,,,,0.00,0.50,,,,,,,,,,,,,,,,,,,,,,,,,,,,,,,,,,,,,,,0,0,0,0,0,0,0,0,0,-1,-1,-1,-1,-1,-1,-1,-1,-1,-1,
2025-10-22,12:27:31.270,7.50,,,,,,3.20,3.20,,,,,,,,,,,,,,,0.00,0.50,,,,,,,,,,,,,,,,,,,,,,,,,,,,,,,,,,,,,,,0,0,0,0,0,0,0,0,0,-1,-1,-1,-1,-1,-1,-1,-1,-1,-1,
2025-10-22,12:27:31.540,7.50,,,,,,3.20,3.20,,,,,,,,,,,,,,,0.00,0.50,,,,,,,,,,,,,,,,,,,,,,,,,,,,,,,,,,,,,,,0,0,0,0,0,0,0,0,0,-1,-1,-1,-1,-1,-1,-1,-1,-1,-1,
2025-10-22,12:27:31.800,7.50,,,,,,3.20,3.20,,,,,,,,,,,,,,,0.00,0.50,,,,,,,,,,,,,,,,,,,,,,,,,,,,,,,,,,,,,,,0,0,0,0,0,0,0,0,0,-1,-1,-1,-1,-1,-1,-1,-1,-1,-1,
2025-10-22,12:27:32.070,7.50,,,,,,3.20,3.20,,,,,,,,,,,,,,,0.00,0.50,,,,,,,,,,,,,,,,,,,,,,,,,,,,,,,,,,,,,,,0,0,0,0,0,0,0,0,0,-1,-1,-1,-1,-1,-1,-1,-1,-1,-1,
2025-10-22,12:27:32.330,7.50,,,,,,3.20,3.20,,,,,,,,,,,,,,,0.00,0.50,,,,,,,,,,,,,,,,,,,,,,,,,,,,,,,,,,,,,,,0,0,0,0,0,0,0,0,0,-1,-1,-1,-1,-1,-1,-1,-1,-1,-1,
2025-10-22,12:27:32.590,7.50,,,,,,3.20,3.20,,,,,,,,,,,,,,,0.00,0.50,,,,,,,,,,,,,,,,,,,,,,,,,,,,,,,,,,,,,,,0,0,0,0,0,0,0,0,0,-1,-1,-1,-1,-1,-1,-1,-1,-1,-1,
2025-10-22,12:27:32.850,7.50,,,,,,3.20,3.20,,,,,,,,,,,,,,,0.00,0.50,,,,,,,,,,,,,,,,,,,,,,,,,,,,,,,,,,,,,,,0,0,0,0,0,0,0,0,0,-1,-1,-1,-1,-1,-1,-1,-1,-1,-1,
2025-10-22,12:27:33.120,7.50,,,,,,3.20,3.20,,,,,,,,,,,,,,,0.00,0.50,,,,,,,,,,,,,,,,,,,,,,,,,,,,,,,,,,,,,,,0,0,0,0,0,0,0,0,0,-1,-1,-1,-1,-1,-1,-1,-1,-1,-1,
2025-10-22,12:27:33.380,7.50,,,,,,3.20,3.20,,,,,,,,,,,,,,,0.00,0.50,,,,,,,,,,,,,,,,,,,,,,,,,,,,,,,,,,,,,,,0,0,0,0,0,0,0,0,0,-1,-1,-1,-1,-1,-1,-1,-1,-1,-1,
2025-10-22,12:27:33.640,7.50,,,,,,3.20,3.20,,,,,,,,,,,,,,,0.00,0.50,,,,,,,,,,,,,,,,,,,,,,,,,,,,,,,,,,,,,,,0,0,0,0,0,0,0,0,0,-1,-1,-1,-1,-1,-1,-1,-1,-1,-1,
2025-10-22,12:27:33.900,7.50,,,,,,3.20,3.20,,,,,,,,,,,,,,,0.00,0.50,,,,,,,,,,,,,,,,,,,,,,,,,,,,,,,,,,,,,,,0,0,0,0,0,0,0,0,0,-1,-1,-1,-1,-1,-1,-1,-1,-1,-1,
2025-10-22,12:27:34.160,7.50,,,,,,3.20,3.20,,,,,,,,,,,,,,,0.00,0.50,,,,,,,,,,,,,,,,,,,,,,,,,,,,,,,,,,,,,,,0,0,0,0,0,0,0,0,0,-1,-1,-1,-1,-1,-1,-1,-1,-1,-1,
2025-10-22,12:27:34.420,7.50,,,,,,3.20,3.20,,,,,,,,,,,,,,,0.00,0.50,,,,,,,,,,,,,,,,,,,,,,,,,,,,,,,,,,,,,,,0,0,0,0,0,0,0,0,0,-1,-1,-1,-1,-1,-1,-1,-1,-1,-1,
2025-10-22,12:27:34.680,7.50,,,,,,3.20,3.20,,,,,,,,,,,,,,,0.00,0.50,,,,,,,,,,,,,,,,,,,,,,,,,,,,,,,,,,,,,,,0,0,0,0,0,0,0,0,0,-1,-1,-1,-1,-1,-1,-1,-1,-1,-1,
2025-10-22,12:27:34.940,7.50,,,,,,3.20,3.20,,,,,,,,,,,,,,,0.00,0.50,,,,,,,,,,,,,,,,,,,,,,,,,,,,,,,,,,,,,,,0,0,0,0,0,0,0,0,0,-1,-1,-1,-1,-1,-1,-1,-1,-1,-1,
2025-10-22,12:27:35.210,7.50,,,,,,3.20,3.20,,,,,,,,,,,,,,,0.00,0.50,,,,,,,,,,,,,,,,,,,,,,,,,,,,,,,,,,,,,,,0,0,0,0,0,0,0,0,0,-1,-1,-1,-1,-1,-1,-1,-1,-1,-1,
2025-10-22,12:27:35.470,7.50,,,,,,3.20,3.20,,,,,,,,,,,,,,,0.00,0.50,,,,,,,,,,,,,,,,,,,,,,,,,,,,,,,,,,,,,,,0,0,0,0,0,0,0,0,0,-1,-1,-1,-1,-1,-1,-1,-1,-1,-1,
2025-10-22,12:27:35.740,7.50,,,,,,3.20,3.20,,,,,,,,,,,,,,,0.00,0.50,,,,,,,,,,,,,,,,,,,,,,,,,,,,,,,,,,,,,,,0,0,0,0,0,0,0,0,0,-1,-1,-1,-1,-1,-1,-1,-1,-1,-1,
2025-10-22,12:27:36.010,7.50,,,,,,3.20,3.20,,,,,,,,,,,,,,,0.00,0.50,,,,,,,,,,,,,,,,,,,,,,,,,,,,,,,,,,,,,,,0,0,0,0,0,0,0,0,0,-1,-1,-1,-1,-1,-1,-1,-1,-1,-1,
2025-10-22,12:27:36.280,7.50,,,,,,3.20,3.20,,,,,,,,,,,,,,,0.00,0.50,,,,,,,,,,,,,,,,,,,,,,,,,,,,,,,,,,,,,,,0,0,0,0,0,0,0,0,0,-1,-1,-1,-1,-1,-1,-1,-1,-1,-1,
2025-10-22,12:27:36.540,7.50,,,,,,3.20,3.20,,,,,,,,,,,,,,,0.00,0.50,,,,,,,,,,,,,,,,,,,,,,,,,,,,,,,,,,,,,,,0,0,0,0,0,0,0,0,0,-1,-1,-1,-1,-1,-1,-1,-1,-1,-1,
2025-10-22,12:27:36.800,7.50,,,,,,3.20,3.20,,,,,,,,,,,,,,,0.00,0.50,,,,,,,,,,,,,,,,,,,,,,,,,,,,,,,,,,,,,,,0,0,0,0,0,0,0,0,0,-1,-1,-1,-1,-1,-1,-1,-1,-1,-1,
2025-10-22,12:27:37.070,7.50,,,,,,3.20,3.20,,,,,,,,,,,,,,,0.00,0.50,,,,,,,,,,,,,,,,,,,,,,,,,,,,,,,,,,,,,,,0,0,0,0,0,0,0,0,0,-1,-1,-1,-1,-1,-1,-1,-1,-1,-1,
2025-10-22,12:27:37.330,7.50,,,,,,3.20,3.20,,,,,,,,,,,,,,,0.00,0.50,,,,,,,,,,,,,,,,,,,,,,,,,,,,,,,,,,,,,,,0,0,0,0,0,0,0,0,0,-1,-1,-1,-1,-1,-1,-1,-1,-1,-1,
2025-10-22,12:27:37.590,7.50,,,,,,3.20,3.20,,,,,,,,,,,,,,,0.00,0.50,,,,,,,,,,,,,,,,,,,,,,,,,,,,,,,,,,,,,,,0,0,0,0,0,0,0,0,0,-1,-1,-1,-1,-1,-1,-1,-1,-1,-1,
2025-10-22,12:27:37.850,7.50,,,,,,3.20,3.20,,,,,,,,,,,,,,,0.00,0.50,,,,,,,,,,,,,,,,,,,,,,,,,,,,,,,,,,,,,,,0,0,0,0,0,0,0,0,0,-1,-1,-1,-1,-1,-1,-1,-1,-1,-1,
2025-10-22,12:27:38.120,7.50,,,,,,3.20,3.20,,,,,,,,,,,,,,,0.00,0.50,,,,,,,,,,,,,,,,,,,,,,,,,,,,,,,,,,,,,,,0,0,0,0,0,0,0,0,0,-1,-1,-1,-1,-1,-1,-1,-1,-1,-1,
2025-10-22,12:27:38.380,7.50,,,,,,3.20,3.20,,,,,,,,,,,,,,,0.00,0.50,,,,,,,,,,,,,,,,,,,,,,,,,,,,,,,,,,,,,,,0,0,0,0,0,0,0,0,0,-1,-1,-1,-1,-1,-1,-1,-1,-1,-1,
2025-10-22,12:27:38.640,7.50,,,,,,3.20,3.20,,,,,,,,,,,,,,,0.00,0.50,,,,,,,,,,,,,,,,,,,,,,,,,,,,,,,,,,,,,,,0,0,0,0,0,0,0,0,0,-1,-1,-1,-1,-1,-1,-1,-1,-1,-1,
2025-10-22,12:27:38.900,7.50,,,,,,3.20,3.20,,,,,,,,,,,,,,,0.00,0.50,,,,,,,,,,,,,,,,,,,,,,,,,,,,,,,,,,,,,,,0,0,0,0,0,0,0,0,0,-1,-1,-1,-1,-1,-1,-1,-1,-1,-1,
2025-10-22,12:27:39.160,7.50,,,,,,3.20,3.20,,,,,,,,,,,,,,,0.00,0.50,,,,,,,,,,,,,,,,,,,,,,,,,,,,,,,,,,,,,,,0,0,0,0,0,0,0,0,0,-1,-1,-1,-1,-1,-1,-1,-1,-1,-1,
2025-10-22,12:27:39.420,7.50,,,,,,3.20,3.20,,,,,,,,,,,,,,,0.00,0.50,,,,,,,,,,,,,,,,,,,,,,,,,,,,,,,,,,,,,,,0,0,0,0,0,0,0,0,0,-1,-1,-1,-1,-1,-1,-1,-1,-1,-1,
2025-10-22,12:27:39.680,7.50,,,,,,3.20,3.20,,,,,,,,,,,,,,,0.00,0.50,,,,,,,,,,,,,,,,,,,,,,,,,,,,,,,,,,,,,,,0,0,0,0,0,0,0,0,0,-1,-1,-1,-1,-1,-1,-1,-1,-1,-1,
2025-10-22,12:27:39.950,7.50,,,,,,3.20,3.20,,,,,,,,,,,,,,,0.00,0.50,,,,,,,,,,,,,,,,,,,,,,,,,,,,,,,,,,,,,,,0,0,0,0,0,0,0,0,0,-1,-1,-1,-1,-1,-1,-1,-1,-1,-1,
2025-10-22,12:27:40.210,7.50,,,,,,3.20,3.20,,,,,,,,,,,,,,,0.00,0.50,,,,,,,,,,,,,,,,,,,,,,,,,,,,,,,,,,,,,,,0,0,0,0,0,0,0,0,0,-1,-1,-1,-1,-1,-1,-1,-1,-1,-1,
2025-10-22,12:27:40.480,7.50,,,,,,3.20,3.20,,,,,,,,,,,,,,,0.00,0.50,,,,,,,,,,,,,,,,,,,,,,,,,,,,,,,,,,,,,,,0,0,0,0,0,0,0,0,0,-1,-1,-1,-1,-1,-1,-1,-1,-1,-1,
2025-10-22,12:27:40.740,7.50,,,,,,3.20,3.20,,,,,,,,,,,,,,,0.00,0.50,,,,,,,,,,,,,,,,,,,,,,,,,,,,,,,,,,,,,,,0,0,0,0,0,0,0,0,0,-1,-1,-1,-1,-1,-1,-1,-1,-1,-1,
2025-10-22,12:27:41.010,7.50,,,,,,3.20,3.20,,,,,,,,,,,,,,,0.00,0.50,,,,,,,,,,,,,,,,,,,,,,,,,,,,,,,,,,,,,,,0,0,0,0,0,0,0,0,0,-1,-1,-1,-1,-1,-1,-1,-1,-1,-1,
2025-10-22,12:27:41.270,7.50,,,,,,3.20,3.20,,,,,,,,,,,,,,,0.00,0.50,,,,,,,,,,,,,,,,,,,,,,,,,,,,,,,,,,,,,,,0,0,0,0,0,0,0,0,0,-1,-1,-1,-1,-1,-1,-1,-1,-1,-1,
2025-10-22,12:27:41.540,7.50,,,,,,3.20,3.20,,,,,,,,,,,,,,,0.00,0.50,,,,,,,,,,,,,,,,,,,,,,,,,,,,,,,,,,,,,,,0,0,0,0,0,0,0,0,0,-1,-1,-1,-1,-1,-1,-1,-1,-1,-1,
2025-10-22,12:27:41.800,7.50,,,,,,3.20,3.20,,,,,,,,,,,,,,,0.00,0.50,,,,,,,,,,,,,,,,,,,,,,,,,,,,,,,,,,,,,,,0,0,0,0,0,0,0,0,0,-1,-1,-1,-1,-1,-1,-1,-1,-1,-1,
2025-10-22,12:27:42.060,7.50,,,,,,3.20,3.20,,,,,,,,,,,,,,,0.00,0.50,,,,,,,,,,,,,,,,,,,,,,,,,,,,,,,,,,,,,,,0,0,0,0,0,0,0,0,0,-1,-1,-1,-1,-1,-1,-1,-1,-1,-1,
2025-10-22,12:27:42.320,7.50,,,,,,3.20,3.20,,,,,,,,,,,,,,,0.00,0.50,,,,,,,,,,,,,,,,,,,,,,,,,,,,,,,,,,,,,,,0,0,0,0,0,0,0,0,0,-1,-1,-1,-1,-1,-1,-1,-1,-1,-1,
2025-10-22,12:27:42.590,7.50,,,,,,3.20,3.20,,,,,,,,,,,,,,,0.00,0.50,,,,,,,,,,,,,,,,,,,,,,,,,,,,,,,,,,,,,,,0,0,0,0,0,0,0,0,0,-1,-1,-1,-1,-1,-1,-1,-1,-1,-1,
2025-10-22,12:27:42.850,7.50,,,,,,3.20,3.20,,,,,,,,,,,,,,,0.00,0.50,,,,,,,,,,,,,,,,,,,,,,,,,,,,,,,,,,,,,,,0,0,0,0,0,0,0,0,0,-1,-1,-1,-1,-1,-1,-1,-1,-1,-1,
2025-10-22,12:27:43.110,7.50,,,,,,3.20,3.20,,,,,,,,,,,,,,,0.00,0.50,,,,,,,,,,,,,,,,,,,,,,,,,,,,,,,,,,,,,,,0,0,0,0,0,0,0,0,0,-1,-1,-1,-1,-1,-1,-1,-1,-1,-1,
2025-10-22,12:27:43.380,7.50,,,,,,3.20,3.20,,,,,,,,,,,,,,,0.00,0.50,,,,,,,,,,,,,,,,,,,,,,,,,,,,,,,,,,,,,,,0,0,0,0,0,0,0,0,0,-1,-1,-1,-1,-1,-1,-1,-1,-1,-1,
2025-10-22,12:27:43.640,7.50,,,,,,3.20,3.20,,,,,,,,,,,,,,,0.00,0.50,,,,,,,,,,,,,,,,,,,,,,,,,,,,,,,,,,,,,,,0,0,0,0,0,0,0,0,0,-1,-1,-1,-1,-1,-1,-1,-1,-1,-1,
2025-10-22,12:27:43.910,7.50,,,,,,3.20,3.20,,,,,,,,,,,,,,,0.00,0.50,,,,,,,,,,,,,,,,,,,,,,,,,,,,,,,,,,,,,,,0,0,0,0,0,0,0,0,0,-1,-1,-1,-1,-1,-1,-1,-1,-1,-1,
2025-10-22,12:27:44.180,7.50,,,,,,3.20,3.20,,,,,,,,,,,,,,,0.00,0.50,,,,,,,,,,,,,,,,,,,,,,,,,,,,,,,,,,,,,,,0,0,0,0,0,0,0,0,0,-1,-1,-1,-1,-1,-1,-1,-1,-1,-1,
2025-10-22,12:27:44.440,7.50,,,,,,3.20,3.20,,,,,,,,,,,,,,,0.00,0.50,,,,,,,,,,,,,,,,,,,,,,,,,,,,,,,,,,,,,,,0,0,0,0,0,0,0,0,0,-1,-1,-1,-1,-1,-1,-1,-1,-1,-1,
2025-10-22,12:27:44.700,7.50,,,,,,3.20,3.20,,,,,,,,,,,,,,,0.00,0.50,,,,,,,,,,,,,,,,,,,,,,,,,,,,,,,,,,,,,,,0,0,0,0,0,0,0,0,0,-1,-1,-1,-1,-1,-1,-1,-1,-1,-1,
2025-10-22,12:27:44.960,7.50,,,,,,3.20,3.20,,,,,,,,,,,,,,,0.00,0.50,,,,,,,,,,,,,,,,,,,,,,,,,,,,,,,,,,,,,,,0,0,0,0,0,0,0,0,0,-1,-1,-1,-1,-1,-1,-1,-1,-1,-1,
2025-10-22,12:27:45.220,7.50,,,,,,3.20,3.20,,,,,,,,,,,,,,,0.00,0.50,,,,,,,,,,,,,,,,,,,,,,,,,,,,,,,,,,,,,,,0,0,0,0,0,0,0,0,0,-1,-1,-1,-1,-1,-1,-1,-1,-1,-1,
2025-10-22,12:27:45.480,7.50,,,,,,3.20,3.20,,,,,,,,,,,,,,,0.00,0.50,,,,,,,,,,,,,,,,,,,,,,,,,,,,,,,,,,,,,,,0,0,0,0,0,0,0,0,0,-1,-1,-1,-1,-1,-1,-1,-1,-1,-1,
2025-10-22,12:27:45.750,7.50,,,,,,3.20,3.20,,,,,,,,,,,,,,,0.00,0.50,,,,,,,,,,,,,,,,,,,,,,,,,,,,,,,,,,,,,,,0,0,0,0,0,0,0,0,0,-1,-1,-1,-1,-1,-1,-1,-1,-1,-1,
2025-10-22,12:27:46.010,7.50,,,,,,3.20,3.20,,,,,,,,,,,,,,,0.00,0.50,,,,,,,,,,,,,,,,,,,,,,,,,,,,,,,,,,,,,,,0,0,0,0,0,0,0,0,0,-1,-1,-1,-1,-1,-1,-1,-1,-1,-1,
2025-10-22,12:27:46.270,7.50,,,,,,3.20,3.20,,,,,,,,,,,,,,,0.00,0.50,,,,,,,,,,,,,,,,,,,,,,,,,,,,,,,,,,,,,,,0,0,0,0,0,0,0,0,0,-1,-1,-1,-1,-1,-1,-1,-1,-1,-1,
2025-10-22,12:27:46.530,7.50,,,,,,3.20,3.20,,,,,,,,,,,,,,,0.00,0.50,,,,,,,,,,,,,,,,,,,,,,,,,,,,,,,,,,,,,,,0,0,0,0,0,0,0,0,0,-1,-1,-1,-1,-1,-1,-1,-1,-1,-1,
2025-10-22,12:27:46.790,7.50,,,,,,3.20,3.20,,,,,,,,,,,,,,,0.00,0.50,,,,,,,,,,,,,,,,,,,,,,,,,,,,,,,,,,,,,,,0,0,0,0,0,0,0,0,0,-1,-1,-1,-1,-1,-1,-1,-1,-1,-1,
2025-10-22,12:27:47.050,7.50,,,,,,3.20,3.20,,,,,,,,,,,,,,,0.00,0.50,,,,,,,,,,,,,,,,,,,,,,,,,,,,,,,,,,,,,,,0,0,0,0,0,0,0,0,0,-1,-1,-1,-1,-1,-1,-1,-1,-1,-1,
2025-10-22,12:27:47.310,7.50,,,,,,3.20,3.20,,,,,,,,,,,,,,,0.00,0.50,,,,,,,,,,,,,,,,,,,,,,,,,,,,,,,,,,,,,,,0,0,0,0,0,0,0,0,0,-1,-1,-1,-1,-1,-1,-1,-1,-1,-1,
2025-10-22,12:27:47.570,7.50,,,,,,3.20,3.20,,,,,,,,,,,,,,,0.00,0.50,,,,,,,,,,,,,,,,,,,,,,,,,,,,,,,,,,,,,,,0,0,0,0,0,0,0,0,0,-1,-1,-1,-1,-1,-1,-1,-1,-1,-1,
2025-10-22,12:27:47.840,7.50,,,,,,3.20,3.20,,,,,,,,,,,,,,,0.00,0.50,,,,,,,,,,,,,,,,,,,,,,,,,,,,,,,,,,,,,,,0,0,0,0,0,0,0,0,0,-1,-1,-1,-1,-1,-1,-1,-1,-1,-1,
2025-10-22,12:27:48.100,7.50,,,,,,3.20,3.20,,,,,,,,,,,,,,,0.00,0.50,,,,,,,,,,,,,,,,,,,,,,,,,,,,,,,,,,,,,,,0,0,0,0,0,0,0,0,0,-1,-1,-1,-1,-1,-1,-1,-1,-1,-1,
2025-10-22,12:27:48.370,7.50,,,,,,3.20,3.20,,,,,,,,,,,,,,,0.00,0.50,,,,,,,,,,,,,,,,,,,,,,,,,,,,,,,,,,,,,,,0,0,0,0,0,0,0,0,0,-1,-1,-1,-1,-1,-1,-1,-1,-1,-1,
2025-10-22,12:27:48.630,7.50,,,,,,3.20,3.20,,,,,,,,,,,,,,,0.00,0.50,,,,,,,,,,,,,,,,,,,,,,,,,,,,,,,,,,,,,,,0,0,0,0,0,0,0,0,0,-1,-1,-1,-1,-1,-1,-1,-1,-1,-1,
2025-10-22,12:27:48.890,7.50,,,,,,3.20,3.20,,,,,,,,,,,,,,,0.00,0.50,,,,,,,,,,,,,,,,,,,,,,,,,,,,,,,,,,,,,,,0,0,0,0,0,0,0,0,0,-1,-1,-1,-1,-1,-1,-1,-1,-1,-1,
2025-10-22,12:27:49.150,7.50,,,,,,3.20,3.20,,,,,,,,,,,,,,,0.00,0.50,,,,,,,,,,,,,,,,,,,,,,,,,,,,,,,,,,,,,,,0,0,0,0,0,0,0,0,0,-1,-1,-1,-1,-1,-1,-1,-1,-1,-1,
2025-10-22,12:27:49.420,7.50,,,,,,3.20,3.20,,,,,,,,,,,,,,,0.00,0.50,,,,,,,,,,,,,,,,,,,,,,,,,,,,,,,,,,,,,,,0,0,0,0,0,0,0,0,0,-1,-1,-1,-1,-1,-1,-1,-1,-1,-1,
2025-10-22,12:27:49.680,7.50,,,,,,3.20,3.20,,,,,,,,,,,,,,,0.00,0.50,,,,,,,,,,,,,,,,,,,,,,,,,,,,,,,,,,,,,,,0,0,0,0,0,0,0,0,0,-1,-1,-1,-1,-1,-1,-1,-1,-1,-1,
2025-10-22,12:27:49.950,7.50,,,,,,3.20,3.20,,,,,,,,,,,,,,,0.00,0.50,,,,,,,,,,,,,,,,,,,,,,,,,,,,,,,,,,,,,,,0,0,0,0,0,0,0,0,0,-1,-1,-1,-1,-1,-1,-1,-1,-1,-1,
2025-10-22,12:27:50.210,7.50,,,,,,3.20,3.20,,,,,,,,,,,,,,,0.00,0.50,,,,,,,,,,,,,,,,,,,,,,,,,,,,,,,,,,,,,,,0,0,0,0,0,0,0,0,0,-1,-1,-1,-1,-1,-1,-1,-1,-1,-1,
2025-10-22,12:27:50.470,7.50,,,,,,3.20,3.20,,,,,,,,,,,,,,,0.00,0.50,,,,,,,,,,,,,,,,,,,,,,,,,,,,,,,,,,,,,,,0,0,0,0,0,0,0,0,0,-1,-1,-1,-1,-1,-1,-1,-1,-1,-1,
2025-10-22,12:27:50.730,7.50,,,,,,3.20,3.20,,,,,,,,,,,,,,,0.00,0.50,,,,,,,,,,,,,,,,,,,,,,,,,,,,,,,,,,,,,,,0,0,0,0,0,0,0,0,0,-1,-1,-1,-1,-1,-1,-1,-1,-1,-1,
2025-10-22,12:27:51.000,7.50,,,,,,3.20,3.20,,,,,,,,,,,,,,,0.00,0.50,,,,,,,,,,,,,,,,,,,,,,,,,,,,,,,,,,,,,,,0,0,0,0,0,0,0,0,0,-1,-1,-1,-1,-1,-1,-1,-1,-1,-1,
2025-10-22,12:27:51.260,7.50,,,,,,3.20,3.20,,,,,,,,,,,,,,,0.00,0.50,,,,,,,,,,,,,,,,,,,,,,,,,,,,,,,,,,,,,,,0,0,0,0,0,0,0,0,0,-1,-1,-1,-1,-1,-1,-1,-1,-1,-1,
2025-10-22,12:27:51.520,7.50,,,,,,3.20,3.20,,,,,,,,,,,,,,,0.00,0.50,,,,,,,,,,,,,,,,,,,,,,,,,,,,,,,,,,,,,,,0,0,0,0,0,0,0,0,0,-1,-1,-1,-1,-1,-1,-1,-1,-1,-1,
2025-10-22,12:27:51.780,7.50,,,,,,3.20,3.20,,,,,,,,,,,,,,,0.00,0.50,,,,,,,,,,,,,,,,,,,,,,,,,,,,,,,,,,,,,,,0,0,0,0,0,0,0,0,0,-1,-1,-1,-1,-1,-1,-1,-1,-1,-1,
2025-10-22,12:27:52.050,7.50,,,,,,3.20,3.20,,,,,,,,,,,,,,,0.00,0.50,,,,,,,,,,,,,,,,,,,,,,,,,,,,,,,,,,,,,,,0,0,0,0,0,0,0,0,0,-1,-1,-1,-1,-1,-1,-1,-1,-1,-1,
2025-10-22,12:27:52.310,7.50,,,,,,3.20,3.20,,,,,,,,,,,,,,,0.00,0.50,,,,,,,,,,,,,,,,,,,,,,,,,,,,,,,,,,,,,,,0,0,0,0,0,0,0,0,0,-1,-1,-1,-1,-1,-1,-1,-1,-1,-1,
2025-10-22,12:27:52.570,7.50,,,,,,3.20,3.20,,,,,,,,,,,,,,,0.00,0.50,,,,,,,,,,,,,,,,,,,,,,,,,,,,,,,,,,,,,,,0,0,0,0,0,0,0,0,0,-1,-1,-1,-1,-1,-1,-1,-1,-1,-1,
2025-10-22,12:27:52.840,7.50,,,,,,3.20,3.20,,,,,,,,,,,,,,,0.00,0.50,,,,,,,,,,,,,,,,,,,,,,,,,,,,,,,,,,,,,,,0,0,0,0,0,0,0,0,0,-1,-1,-1,-1,-1,-1,-1,-1,-1,-1,
2025-10-22,12:27:53.100,7.50,,,,,,3.20,3.20,,,,,,,,,,,,,,,0.00,0.50,,,,,,,,,,,,,,,,,,,,,,,,,,,,,,,,,,,,,,,0,0,0,0,0,0,0,0,0,-1,-1,-1,-1,-1,-1,-1,-1,-1,-1,
2025-10-22,12:27:53.360,7.50,,,,,,3.20,3.20,,,,,,,,,,,,,,,0.00,0.50,,,,,,,,,,,,,,,,,,,,,,,,,,,,,,,,,,,,,,,0,0,0,0,0,0,0,0,0,-1,-1,-1,-1,-1,-1,-1,-1,-1,-1,
2025-10-22,12:27:53.620,7.50,,,,,,3.20,3.20,,,,,,,,,,,,,,,0.00,0.50,,,,,,,,,,,,,,,,,,,,,,,,,,,,,,,,,,,,,,,0,0,0,0,0,0,0,0,0,-1,-1,-1,-1,-1,-1,-1,-1,-1,-1,
2025-10-22,12:27:53.880,7.50,,,,,,3.20,3.20,,,,,,,,,,,,,,,0.00,0.50,,,,,,,,,,,,,,,,,,,,,,,,,,,,,,,,,,,,,,,0,0,0,0,0,0,0,0,0,-1,-1,-1,-1,-1,-1,-1,-1,-1,-1,
2025-10-22,12:27:54.150,7.50,,,,,,3.20,3.20,,,,,,,,,,,,,,,0.00,0.50,,,,,,,,,,,,,,,,,,,,,,,,,,,,,,,,,,,,,,,0,0,0,0,0,0,0,0,0,-1,-1,-1,-1,-1,-1,-1,-1,-1,-1,
2025-10-22,12:27:54.410,7.50,,,,,,3.20,3.20,,,,,,,,,,,,,,,0.00,0.50,,,,,,,,,,,,,,,,,,,,,,,,,,,,,,,,,,,,,,,0,0,0,0,0,0,0,0,0,-1,-1,-1,-1,-1,-1,-1,-1,-1,-1,
2025-10-22,12:27:54.680,7.50,,,,,,3.20,3.20,,,,,,,,,,,,,,,0.00,0.50,,,,,,,,,,,,,,,,,,,,,,,,,,,,,,,,,,,,,,,0,0,0,0,0,0,0,0,0,-1,-1,-1,-1,-1,-1,-1,-1,-1,-1,
2025-10-22,12:27:54.940,7.50,,,,,,3.20,3.20,,,,,,,,,,,,,,,0.00,0.50,,,,,,,,,,,,,,,,,,,,,,,,,,,,,,,,,,,,,,,0,0,0,0,0,0,0,0,0,-1,-1,-1,-1,-1,-1,-1,-1,-1,-1,
2025-10-22,12:27:55.210,7.50,,,,,,3.20,3.20,,,,,,,,,,,,,,,0.00,0.50,,,,,,,,,,,,,,,,,,,,,,,,,,,,,,,,,,,,,,,0,0,0,0,0,0,0,0,0,-1,-1,-1,-1,-1,-1,-1,-1,-1,-1,
2025-10-22,12:27:55.470,7.50,,,,,,3.20,3.20,,,,,,,,,,,,,,,0.00,0.50,,,,,,,,,,,,,,,,,,,,,,,,,,,,,,,,,,,,,,,0,0,0,0,0,0,0,0,0,-1,-1,-1,-1,-1,-1,-1,-1,-1,-1,
2025-10-22,12:27:55.730,7.50,,,,,,3.20,3.20,,,,,,,,,,,,,,,0.00,0.50,,,,,,,,,,,,,,,,,,,,,,,,,,,,,,,,,,,,,,,0,0,0,0,0,0,0,0,0,-1,-1,-1,-1,-1,-1,-1,-1,-1,-1,
2025-10-22,12:27:55.990,7.50,,,,,,3.20,3.20,,,,,,,,,,,,,,,0.00,0.50,,,,,,,,,,,,,,,,,,,,,,,,,,,,,,,,,,,,,,,0,0,0,0,0,0,0,0,0,-1,-1,-1,-1,-1,-1,-1,-1,-1,-1,
2025-10-22,12:27:56.250,7.50,,,,,,3.20,3.20,,,,,,,,,,,,,,,0.00,0.50,,,,,,,,,,,,,,,,,,,,,,,,,,,,,,,,,,,,,,,0,0,0,0,0,0,0,0,0,-1,-1,-1,-1,-1,-1,-1,-1,-1,-1,
