Date,Time,TxBat(V),RSSI(dB),RX,SWR,VFR(%),RxBatt(V),LiPo1(V),LiPo2(V),LiPo3(V),LiPo4(V),LiPo5(V),LiPo6(V),LiPo7(V),LiPo8(V),LiPo1(V),LiPo2(V),LiPo3(V),LiPo4(V),LiPo5(V),LiPo6(V),LiPo7(V),LiPo8(V),Altitude(m),VSpeed(m/s),RPM(r/m),Current(A),GPS,GPS clock(),GPS speed(kt),GPS alt(m),GPS course(°),ADC2(V),Air speed(kt),VFAS(V),RB Ch. State(),RB State(),R.angle(°),P.angle(°),GASS temp1(°C),GASS temp2(°C),GASS RPM(r/m),GASS res. vol.(ml),GASS res. %(%),GASS flow(ml/min),GASS max flow(ml/min),GASS avg flow(ml/min),H.pressure(Pa),ESC RPM(r/m),ESC consumption(mAh),RxBatt1(V),RxBatt2(V),RxCurrent(A),Rx Quality(%),Rx RSSI1(dB),Rx RSSI2(dB),Antenna,Rx SNR(dB),RF Mode,Tx Power,Tx Quality(%),Tx RSSI(dB),Tx SNR(dB),Rudder,Elevator,Throttle,Aileron,S1,S2,S3,Slider left,Slider right,SA,SB,SC,SD,SE,SF,SG,SH,SI,SJ,LS1,LS2,LS3,LS4,
2026-05-09,08:28:30.320,7.50,,,,,,,,,,,,,,,,,,,,,,,,,,,,,,,,,,,,,,,,,,,,,,,,,,,,,,,,,,,,,,0,0,0,0,0,0,0,0,0,-1,-1,-1,-1,-1,-1,-1,-1,-1,-1,0,0,1,0,
2026-05-09,08:28:30.570,7.50,,,,,,,,,,,,,,,,,,,,,,,,,,,,,,,,,,,,,,,,,,,,,,,,,,,,,,,,,,,,,,0,0,0,0,0,0,0,0,0,-1,-1,-1,-1,-1,-1,-1,-1,-1,-1,0,0,1,0,
2026-05-09,08:28:30.830,7.50,,,,,,,,,,,,,,,,,,,,,,,,,,,,,,,,,,,,,,,,,,,,,,,,,,,,,,,,,,,,,,0,0,0,0,0,0,0,0,0,-1,-1,-1,-1,-1,-1,-1,-1,-1,-1,0,0,1,0,
2026-05-09,08:28:31.090,7.50,,,,,,,,,,,,,,,,,,,,,,,,,,,,,,,,,,,,,,,,,,,,,,,,,,,,,,,,,,,,,,0,0,0,0,0,0,0,0,0,-1,-1,-1,-1,-1,-1,-1,-1,-1,-1,0,0,1,0,
2026-05-09,08:28:31.350,7.50,,,,,,,,,,,,,,,,,,,,,,,,,,,,,,,,,,,,,,,,,,,,,,,,,,,,,,,,,,,,,,0,0,0,0,0,0,0,0,0,-1,-1,-1,-1,-1,-1,-1,-1,-1,-1,0,0,1,0,
2026-05-09,08:28:31.620,7.50,,,,,,,,,,,,,,,,,,,,,,,,,,,,,,,,,,,,,,,,,,,,,,,,,,,,,,,,,,,,,,0,0,0,0,0,0,0,0,0,-1,-1,-1,-1,-1,-1,-1,-1,-1,-1,0,0,1,0,
2026-05-09,08:28:31.890,7.50,,,,,,,,,,,,,,,,,,,,,,,,,,,,,,,,,,,,,,,,,,,,,,,,,,,,,,,,,,,,,,0,0,0,0,0,0,0,0,0,-1,-1,-1,-1,-1,-1,-1,-1,-1,-1,0,0,1,0,
2026-05-09,08:28:32.150,7.50,,,,,,,,,,,,,,,,,,,,,,,,,,,,,,,,,,,,,,,,,,,,,,,,,,,,,,,,,,,,,,0,0,0,0,0,0,0,0,0,-1,-1,-1,-1,-1,-1,-1,-1,-1,-1,0,0,1,0,
2026-05-09,08:28:32.410,7.50,,,,,,,,,,,,,,,,,,,,,,,,,,,,,,,,,,,,,,,,,,,,,,,,,,,,,,,,,,,,,,0,0,0,0,0,0,0,0,0,-1,-1,-1,-1,-1,-1,-1,-1,-1,-1,0,0,1,0,
2026-05-09,08:28:32.670,7.50,,,,,,,,,,,,,,,,,,,,,,,,,,,,,,,,,,,,,,,,,,,,,,,,,,,,,,,,,,,,,,0,0,0,0,0,0,0,0,0,-1,-1,-1,-1,-1,-1,-1,-1,-1,-1,0,0,1,0,
2026-05-09,08:28:32.930,7.50,,,,,,,,,,,,,,,,,,,,,,,,,,,,,,,,,,,,,,,,,,,,,,,,,,,,,,,,,,,,,,0,0,0,0,0,0,0,0,0,-1,-1,-1,-1,-1,-1,-1,-1,-1,-1,0,0,1,0,
2026-05-09,08:28:33.200,7.50,,,,,,,,,,,,,,,,,,,,,,,,,,,,,,,,,,,,,,,,,,,,,,,,,,,,,,,,,,,,,,0,0,0,0,0,0,0,0,0,-1,-1,-1,-1,-1,-1,-1,-1,-1,-1,0,0,1,0,
2026-05-09,08:28:33.460,7.50,,,,,,,,,,,,,,,,,,,,,,,,,,,,,,,,,,,,,,,,,,,,,,,,,,,,,,,,,,,,,,0,0,0,0,0,0,0,0,0,-1,-1,-1,-1,-1,-1,-1,-1,-1,-1,0,0,1,0,
2026-05-09,08:28:33.720,7.50,,,,,,,,,,,,,,,,,,,,,,,,,,,,,,,,,,,,,,,,,,,,,,,,,,,,,,,,,,,,,,0,0,0,0,0,0,0,0,0,-1,-1,-1,-1,-1,-1,-1,-1,-1,-1,0,0,1,0,
2026-05-09,08:28:33.980,7.50,,,,,,,,,,,,,,,,,,,,,,,,,,,,,,,,,,,,,,,,,,,,,,,,,,,,,,,,,,,,,,0,0,0,0,0,0,0,0,0,-1,-1,-1,-1,-1,-1,-1,-1,-1,-1,0,0,1,0,
2026-05-09,08:28:34.240,7.50,,,,,,,,,,,,,,,,,,,,,,,,,,,,,,,,,,,,,,,,,,,,,,,,,,,,,,,,,,,,,,0,0,0,0,0,0,0,0,0,-1,-1,-1,-1,-1,-1,-1,-1,-1,-1,0,0,1,0,
2026-05-09,08:28:34.500,7.50,,,,,,,,,,,,,,,,,,,,,,,,,,,,,,,,,,,,,,,,,,,,,,,,,,,,,,,,,,,,,,0,0,0,0,0,0,0,0,0,-1,-1,-1,-1,-1,-1,-1,-1,-1,-1,0,0,1,0,
2026-05-09,08:28:34.760,7.50,,,,,,,,,,,,,,,,,,,,,,,,,,,,,,,,,,,,,,,,,,,,,,,,,,,,,,,,,,,,,,0,0,0,0,0,0,0,0,0,-1,-1,-1,-1,-1,-1,-1,-1,-1,-1,0,0,1,0,
2026-05-09,08:28:35.020,7.50,,,,,,,,,,,,,,,,,,,,,,,,,,,,,,,,,,,,,,,,,,,,,,,,,,,,,,,,,,,,,,0,0,0,0,0,0,0,0,0,-1,-1,-1,-1,-1,-1,-1,-1,-1,-1,0,0,1,0,
